Date,Open,High,Low,Close,Volume
1/2/2018 16:00:00,45.91,45.94,45.51,45.54,10872178
1/3/2018 16:00:00,45.49,45.69,45.34,45.44,12635589
1/4/2018 16:00:00,45.56,46.22,45.45,46.08,12709370
1/5/2018 16:00:00,46.02,46.2,45.79,46.07,13113148
1/8/2018 16:00:00,45.95,46.1,45.88,46,7068611
1/9/2018 16:00:00,46,46.36,45.94,46.23,9962424
1/10/2018 16:00:00,46.23,46.26,45.93,46.07,10700671
1/11/2018 16:00:00,46.23,46.23,45.86,46.04,7583180
1/12/2018 16:00:00,46.28,46.39,46.03,46.15,14570149
1/16/2018 16:00:00,46.15,46.62,46.14,46.53,16459289
1/17/2018 16:00:00,46.58,47,46.55,46.82,12143081
1/18/2018 16:00:00,46.75,47.07,46.61,46.88,11952931
1/19/2018 16:00:00,46.99,47.25,46.87,47.16,16187425
1/22/2018 16:00:00,47.14,47.5,47.09,47.38,9577437
1/23/2018 16:00:00,47.21,47.7,47.13,47.45,11463742
1/24/2018 16:00:00,47.53,47.95,47.48,47.83,15964475
1/25/2018 16:00:00,47.7,48,47.7,47.84,11755001
1/26/2018 16:00:00,47.78,48.62,47.74,48.53,16671227
1/29/2018 16:00:00,48.21,48.46,47.58,47.7,11662632
1/30/2018 16:00:00,47.73,48.16,47.4,47.41,12404757
1/31/2018 16:00:00,47.45,47.9,47.37,47.59,10960082
2/1/2018 16:00:00,47.41,47.73,47.11,47.45,10279439
2/2/2018 16:00:00,47.35,47.41,46.63,46.73,12912307
2/5/2018 16:00:00,46.65,46.92,44.41,44.89,23261475
2/6/2018 16:00:00,43.87,44.74,43.44,44.67,25184306
2/7/2018 16:00:00,44.58,45.5,44.28,44.56,18041614
2/8/2018 16:00:00,44.62,44.62,43.07,43.1,23295329
2/9/2018 16:00:00,43.36,43.46,42.19,43.13,22853126
2/12/2018 16:00:00,43.56,44.23,43.37,43.97,14689026
2/13/2018 16:00:00,43.92,44.41,43.69,44.19,13163196
2/14/2018 16:00:00,44.02,44.19,43.63,44.1,13457911
2/15/2018 16:00:00,44.25,44.83,44.12,44.78,13467318
2/16/2018 16:00:00,45.57,45.64,44.72,44.98,17202302
2/20/2018 16:00:00,44.75,44.83,43.94,43.99,14137347
2/21/2018 16:00:00,44.11,44.26,43.33,43.34,12792902
2/22/2018 16:00:00,43.43,43.82,43.22,43.52,12377840
2/23/2018 16:00:00,43.58,44.06,43.42,44.04,8277178
2/26/2018 16:00:00,44.23,44.39,43.81,44.03,12713306
2/27/2018 16:00:00,44.15,44.31,43.62,43.62,12774392
2/28/2018 16:00:00,43.83,43.91,43.22,43.22,11929361
3/1/2018 16:00:00,43.1,43.64,42.82,43.43,17746825
3/2/2018 16:00:00,43.25,43.8,43.24,43.72,14050081
3/5/2018 16:00:00,43.57,43.94,43.5,43.89,11992712
3/6/2018 16:00:00,43.95,44.05,43.59,43.93,10010478
3/7/2018 16:00:00,43.59,43.92,43.47,43.82,10881683
3/8/2018 16:00:00,43.9,44.46,43.8,44.45,12361100
3/9/2018 16:00:00,44.57,44.82,44.39,44.82,9778643
3/12/2018 16:00:00,44.95,45.09,44.33,44.53,11857700
3/13/2018 16:00:00,44.67,44.83,44.4,44.57,11342136
3/14/2018 16:00:00,44.38,44.43,43.73,43.78,15321218
3/15/2018 16:00:00,43.88,44,43.55,43.67,12456712
3/16/2018 16:00:00,43.7,44.02,43.45,43.46,26603281
3/19/2018 16:00:00,43.46,43.71,43.18,43.26,12380290
3/20/2018 16:00:00,43.32,43.48,43.01,43.16,13559805
3/21/2018 16:00:00,43.13,43.45,42.79,43,13053980
3/22/2018 16:00:00,42.88,43.37,42.7,42.76,12274085
3/23/2018 16:00:00,42.82,43.16,42.29,42.33,13475205
3/26/2018 16:00:00,42.61,42.81,42.25,42.69,11276082
3/27/2018 16:00:00,42.7,43.31,42.53,42.89,11627041
3/28/2018 16:00:00,43,43.7,43,43.32,16277393
3/29/2018 16:00:00,43.54,43.92,43.29,43.43,10450497
4/2/2018 16:00:00,43.44,43.5,42.47,42.67,14207925
4/3/2018 16:00:00,42.98,43.54,42.84,43.38,15484644
4/4/2018 16:00:00,43.14,44.4,43.11,44.24,13563321
4/5/2018 16:00:00,44.28,44.61,43.94,44.4,11707816
4/6/2018 16:00:00,44.28,44.52,43.71,43.92,11495075
4/9/2018 16:00:00,44.03,44.31,43.78,43.83,11913408
4/10/2018 16:00:00,44.07,44.18,43.72,43.99,10687338
4/11/2018 16:00:00,43.81,44.14,43.76,43.99,8424265
4/12/2018 16:00:00,44.08,44.41,43.95,44.03,8476392
4/13/2018 16:00:00,44.19,44.69,44.14,44.51,10774160
4/16/2018 16:00:00,44.65,44.89,44.4,44.68,8962115
4/17/2018 16:00:00,44.95,45.03,44.65,44.88,8406404
4/18/2018 16:00:00,44.9,44.97,44.33,44.51,7429015
4/19/2018 16:00:00,44.34,44.47,44.02,44.31,10370411
4/20/2018 16:00:00,44.31,44.41,43.58,43.74,14690701
4/23/2018 16:00:00,43.74,43.99,43.56,43.98,11878473
4/24/2018 16:00:00,43.98,44.1,42.73,43.07,18523876
4/25/2018 16:00:00,42.74,42.89,41.91,42.43,20774725
4/26/2018 16:00:00,42.4,43.1,42.26,42.75,13560998
4/27/2018 16:00:00,42.73,43.34,42.71,43.31,9777912
4/30/2018 16:00:00,43.5,43.69,42.97,43.21,16037685
5/1/2018 16:00:00,42.96,42.99,42.18,42.59,11514189
5/2/2018 16:00:00,42.4,42.59,41.94,42.06,13736366
5/3/2018 16:00:00,42.22,42.4,41.52,41.89,18352236
5/4/2018 16:00:00,41.79,42.5,41.77,42.36,10946198
5/7/2018 16:00:00,42.34,42.49,41.96,42.14,9335968
5/8/2018 16:00:00,41.97,42.09,41.69,41.81,15062159
5/9/2018 16:00:00,41.97,42.23,41.67,41.78,9295152
5/10/2018 16:00:00,41.99,42.36,41.94,42.18,7924184
5/11/2018 16:00:00,42.24,42.47,42.04,42.14,6331948
5/14/2018 16:00:00,42.25,42.32,41.9,42.04,10715475
5/15/2018 16:00:00,41.78,41.92,41.45,41.72,16449729
5/16/2018 16:00:00,41.74,41.94,41.54,41.55,11590491
5/17/2018 16:00:00,42.01,42.35,41.87,42.3,14857406
5/18/2018 16:00:00,42.01,42.35,41.87,42.3,8399
5/21/2018 16:00:00,42.31,42.52,42.27,42.41,9110232
5/22/2018 16:00:00,42.5,42.6,42.21,42.25,8222864
5/23/2018 16:00:00,42.25,42.45,41.93,42.4,8971427
5/24/2018 16:00:00,42.4,42.47,42.19,42.32,9269609
5/25/2018 16:00:00,42.34,42.58,42.2,42.4,8806470
5/29/2018 16:00:00,42.12,42.85,42.1,42.68,14826877
5/30/2018 16:00:00,42.77,43.28,42.7,43.13,10114223
5/31/2018 16:00:00,43.2,43.21,42.68,43,15571263
6/1/2018 16:00:00,43.1,43.32,43.04,43.12,10664650
6/4/2018 16:00:00,43.36,43.59,43.29,43.49,11727577
6/5/2018 16:00:00,43.5,43.54,43.1,43.11,9975899
6/6/2018 16:00:00,43.06,43.46,43.04,43.46,9202924
6/7/2018 16:00:00,43.33,43.73,43.33,43.44,11948051
6/8/2018 16:00:00,43.57,44,43.56,43.95,12078768
6/11/2018 16:00:00,43.95,44.25,43.89,44.13,7526128
6/12/2018 16:00:00,44.13,44.42,44.08,44.41,8243317
6/13/2018 16:00:00,44.35,44.52,44.15,44.18,16745026
6/14/2018 16:00:00,43.75,43.85,43.52,43.58,12696174
6/15/2018 16:00:00,43.56,44.15,43.45,44.12,21562459
6/18/2018 16:00:00,43.88,43.96,43.4,43.55,12161936
6/19/2018 16:00:00,43.3,43.75,43.2,43.6,12936411
6/20/2018 16:00:00,43.62,43.78,43.23,43.26,10893715
6/21/2018 16:00:00,43.27,43.3,42.96,43.09,10465212
6/22/2018 16:00:00,43.15,43.41,43.08,43.25,16031146
6/25/2018 16:00:00,43.16,43.75,43.16,43.58,12092383
6/26/2018 16:00:00,43.56,43.84,43.28,43.33,13974671
6/27/2018 16:00:00,43.33,43.61,42.99,43.07,15332570
6/28/2018 16:00:00,43.24,43.68,43.17,43.47,12668917
6/29/2018 16:00:00,43.57,44.1,43.31,43.86,11485550
7/2/2018 16:00:00,43.78,44.16,43.58,43.75,9232583
7/3/2018 13:00:00,44.06,44.33,43.99,43.99,8214329
7/5/2018 16:00:00,44.16,44.67,44.13,44.66,11652987
7/6/2018 16:00:00,44.67,44.94,44.58,44.64,8751372
7/9/2018 16:00:00,44.54,44.73,44.34,44.4,7373065
7/10/2018 16:00:00,44.51,45,44.5,44.97,10606148
7/11/2018 16:00:00,44.99,45,44.64,44.79,7715616
7/12/2018 16:00:00,44.83,44.96,44.49,44.67,6331623
7/13/2018 16:00:00,44.7,44.78,44.47,44.74,5585980
7/16/2018 16:00:00,44.73,44.8,44.53,44.73,5831418
7/17/2018 16:00:00,44.75,45.39,44.68,45.25,11592240
7/18/2018 16:00:00,45.19,45.29,44.84,45.12,7351566
7/19/2018 16:00:00,44.99,45.43,44.92,45.11,10097454
7/20/2018 16:00:00,45.02,45.28,44.9,45.28,9059143
7/23/2018 16:00:00,45.28,45.36,44.77,44.95,9055748
7/24/2018 16:00:00,44.78,45.27,44.61,45.26,13786134
7/25/2018 16:00:00,46,46.58,45.75,46.09,21318606
7/26/2018 16:00:00,46.36,46.59,46.2,46.24,12673080
7/27/2018 16:00:00,46.32,46.5,46.06,46.21,10516948
7/30/2018 16:00:00,46.1,46.44,46.05,46.23,8968168
7/31/2018 16:00:00,46.4,46.67,46.31,46.63,12438797
8/1/2018 16:00:00,46.45,46.49,46.17,46.39,9904087
8/2/2018 16:00:00,46.48,46.63,46.18,46.18,12009745
8/3/2018 16:00:00,46.23,46.76,46.14,46.62,11462886
8/6/2018 16:00:00,46.6,46.87,46.55,46.65,10056109
8/7/2018 16:00:00,46.52,46.61,46.13,46.5,8632949
8/8/2018 16:00:00,46.49,46.56,46.12,46.15,6812170
8/9/2018 16:00:00,46.25,46.42,46.08,46.35,8924087
8/10/2018 16:00:00,46.21,46.42,45.97,46.08,7535443
8/13/2018 16:00:00,46.05,46.13,45.7,45.83,8143398
8/14/2018 16:00:00,45.91,46.1,45.87,45.89,6846114
8/15/2018 16:00:00,45.77,46.15,45.65,46.08,9686427
8/16/2018 16:00:00,46.11,46.38,45.97,46.22,10600733
8/17/2018 16:00:00,46.29,46.73,46.24,46.6,8885691
8/20/2018 16:00:00,46.68,46.87,46.59,46.73,6392025
8/21/2018 16:00:00,46.73,46.75,46.21,46.22,13986293
8/22/2018 16:00:00,46.34,46.38,45.92,45.93,7159135
8/23/2018 16:00:00,45.89,46.08,45.69,45.7,13144908
8/24/2018 16:00:00,45.65,45.8,45.58,45.63,10953103
8/27/2018 16:00:00,46.05,46.05,45.56,45.69,9581245
8/28/2018 16:00:00,45.65,45.73,45.28,45.37,8476801
8/29/2018 16:00:00,45.25,45.42,45.22,45.33,12410931
8/30/2018 16:00:00,45.28,45.32,44.89,44.95,9716529
8/31/2018 16:00:00,45,45.07,44.39,44.57,19834439
9/4/2018 16:00:00,44.6,44.9,44.51,44.76,11138579
9/5/2018 16:00:00,44.66,45.42,44.66,45.38,10555033
9/6/2018 16:00:00,45.4,46,45.3,45.77,11439474
9/7/2018 16:00:00,45.6,45.82,45.28,45.72,10208108
9/10/2018 16:00:00,45.91,46.31,45.8,46.06,8569053
9/11/2018 16:00:00,46.1,46.15,45.88,46.02,9278268
9/12/2018 16:00:00,46.16,46.3,46.02,46.24,13216376
9/13/2018 16:00:00,46.01,46.12,45.71,45.83,8294848
9/14/2018 16:00:00,45.92,46.03,45.61,45.99,7612884
9/17/2018 16:00:00,46,46.33,45.91,46.32,8527345
9/18/2018 16:00:00,46.39,46.53,45.93,45.93,9847711
9/19/2018 16:00:00,46,46.11,45.87,45.96,7119133
9/20/2018 16:00:00,46.22,46.68,46.15,46.64,9736714
9/21/2018 16:00:00,46.64,46.69,46.38,46.58,19240577
9/24/2018 16:00:00,46.49,46.53,45.84,46.07,10778892
9/25/2018 16:00:00,46.06,46.18,45.61,45.68,7919144
9/26/2018 16:00:00,45.77,46.07,45.57,45.85,10162560
9/27/2018 16:00:00,45.73,46.18,45.68,46.01,10826880
9/28/2018 16:00:00,46,46.19,45.97,46.19,9071904
10/1/2018 16:00:00,46.17,46.35,46.05,46.23,9364735
10/2/2018 16:00:00,46.28,46.56,46.06,46.51,7462702
10/3/2018 16:00:00,46.46,46.55,45.8,45.87,10542292
10/4/2018 16:00:00,45.66,45.9,45.43,45.85,9582388
10/5/2018 16:00:00,45.94,46.16,45.69,45.88,8734090
10/8/2018 16:00:00,45.99,46.58,45.97,46.48,9808094
10/9/2018 16:00:00,46.38,46.55,46.22,46.39,10824552
10/10/2018 16:00:00,46.3,46.7,45.67,45.68,13917018
10/11/2018 16:00:00,45.8,45.97,44.5,44.64,17677941
10/12/2018 16:00:00,44.48,44.88,44.25,44.68,12420075
10/15/2018 16:00:00,44.64,45.27,44.59,44.91,11608529
10/16/2018 16:00:00,45.02,45.6,44.86,45.49,10442520
10/17/2018 16:00:00,45.41,45.99,45.36,45.86,11055840
10/18/2018 16:00:00,45.9,46.08,45.46,45.61,12716854
10/19/2018 16:00:00,45.83,46.49,45.83,46.33,13989247
10/22/2018 16:00:00,46.37,46.46,45.81,45.97,14283642
10/23/2018 16:00:00,45.62,46.46,45.45,46.36,17483862
10/24/2018 16:00:00,46.33,47.39,46.24,46.73,21626031
10/25/2018 16:00:00,46.65,46.74,46.12,46.51,14220216
10/26/2018 16:00:00,46.37,46.48,45.43,45.92,21458110
10/29/2018 16:00:00,46.15,46.56,46.05,46.46,20932176
10/30/2018 16:00:00,46.62,47.74,46.04,47.63,20895360
10/31/2018 16:00:00,47.5,48.08,47.22,47.88,25309419
11/1/2018 16:00:00,47.81,48.15,47.3,47.74,16494500
11/2/2018 16:00:00,47.82,48,47.44,48,17585058
11/5/2018 16:00:00,48,48.78,47.92,48.69,16543547
11/6/2018 16:00:00,48.65,49.13,48.6,49.11,14373426
11/7/2018 16:00:00,49.39,49.55,49.03,49.37,12239747
11/8/2018 16:00:00,49.12,49.37,49.1,49.33,9762841
11/9/2018 16:00:00,49.39,49.89,49.36,49.68,12398306
11/12/2018 16:00:00,49.61,50.24,49.54,49.87,13918312
11/13/2018 16:00:00,49.81,50,49.58,49.86,13873127
11/14/2018 16:00:00,49.85,49.94,49.59,49.76,12106794
11/15/2018 16:00:00,49.66,49.75,49.27,49.74,12080074
11/16/2018 16:00:00,49.66,50.25,49.63,50.17,13405755
11/19/2018 16:00:00,50.31,50.76,50.25,50.51,13575799
11/20/2018 16:00:00,50.82,50.84,49.21,49.38,16255437
11/21/2018 16:00:00,49.23,49.44,48.59,48.73,13559346
11/23/2018 13:00:00,48.75,49.23,48.55,49.02,4792475
11/26/2018 16:00:00,49.01,49.23,48.67,48.87,9341934
11/27/2018 16:00:00,48.88,49.41,48.73,49.37,9180671
11/28/2018 16:00:00,49.21,49.72,49.21,49.71,11368691
11/29/2018 16:00:00,49.28,49.43,48.97,48.98,11564317
11/30/2018 16:00:00,49,50.49,48.99,50.4,25538171
12/3/2018 16:00:00,49.87,49.96,48.89,49.69,14868769
12/4/2018 16:00:00,49.97,50.51,49.5,49.58,19059891
12/6/2018 16:00:00,49.51,49.63,48.66,49.38,17674942
12/7/2018 16:00:00,49.57,49.68,48.88,49.09,15565697
12/10/2018 16:00:00,49.45,49.45,48.47,49.24,12331098
12/11/2018 16:00:00,49.59,50.01,49.18,49.54,18083598
12/12/2018 16:00:00,49.95,50.02,49.19,49.22,12316944
12/13/2018 16:00:00,48.72,49.61,48.57,49.47,13766246
12/14/2018 16:00:00,49.23,49.52,49.02,49.34,13836073
12/17/2018 16:00:00,49.34,49.53,48.02,48.33,18483063
12/18/2018 16:00:00,48.61,48.83,47.85,48.32,14765715
12/19/2018 16:00:00,48.24,48.76,47.62,47.9,17903816
12/20/2018 16:00:00,47.81,48.13,47.1,47.54,21130011
12/21/2018 16:00:00,47.26,48.75,47.23,47.57,32477703
12/24/2018 13:00:00,47.62,47.87,45.83,45.96,10733717
12/26/2018 16:00:00,45.88,46.96,45.66,46.94,14342580
12/27/2018 16:00:00,46.74,47.55,46.03,47.53,16966519
12/28/2018 16:00:00,47.89,48.01,47.03,47.2,13218171
12/31/2018 16:00:00,47.49,47.54,46.96,47.35,10576275
1/2/2019 16:00:00,46.94,47.22,46.56,46.93,11603715
1/3/2019 16:00:00,46.82,47.37,46.53,46.64,14714413
1/4/2019 16:00:00,46.75,47.57,46.64,47.57,13013814
1/7/2019 16:00:00,47.57,47.75,46.9,46.95,13135484
1/8/2019 16:00:00,47.25,47.57,47.04,47.48,15420735
1/9/2019 16:00:00,47.08,47.28,46.43,46.57,18032543
1/10/2019 16:00:00,46.66,47.09,46.34,47.07,15976608
1/11/2019 16:00:00,47.29,47.36,46.97,47.34,11088619
1/14/2019 16:00:00,47.25,47.4,46.99,47.15,11514288
1/15/2019 16:00:00,46.89,47.6,46.81,47.57,11342944
1/16/2019 16:00:00,47.4,47.47,46.86,46.92,16907780
1/17/2019 16:00:00,46.92,47.14,46.88,47.06,12044612
1/18/2019 16:00:00,47.25,47.69,47.12,47.61,12760779
1/22/2019 16:00:00,47.7,47.79,47.21,47.72,11700444
1/23/2019 16:00:00,47.82,48.29,47.65,48.27,12058273
1/24/2019 16:00:00,48.11,48.11,47.38,47.69,10271980
1/25/2019 16:00:00,47.88,48.03,47.24,47.37,12066683
1/28/2019 16:00:00,47.22,47.3,46.94,47.17,9966925
1/29/2019 16:00:00,47.2,47.63,47.13,47.4,11998597
1/30/2019 16:00:00,47.25,47.89,47.19,47.86,12952455
1/31/2019 16:00:00,47.85,48.78,47.47,48.13,32181497
2/1/2019 16:00:00,48.48,48.78,48.4,48.7,19130144
2/4/2019 16:00:00,48.7,49.45,48.54,49.25,15105741
2/5/2019 16:00:00,49.33,49.47,49.1,49.26,12651851
2/6/2019 16:00:00,49.21,49.36,49.02,49.26,8689408
2/7/2019 16:00:00,49.17,49.46,49,49.42,10047848
2/8/2019 16:00:00,49.37,49.5,49.11,49.5,9813297
2/11/2019 16:00:00,49.57,49.88,49.48,49.61,9369282
2/12/2019 16:00:00,49.69,49.8,49.46,49.66,10983477
2/13/2019 16:00:00,49.61,49.94,49.56,49.79,12748849
2/14/2019 16:00:00,46.7,46.96,45.5,45.59,58905402
2/15/2019 16:00:00,45.9,46.26,45.2,45.24,35701558
2/19/2019 16:00:00,45.32,45.59,44.77,44.83,25511303
2/20/2019 16:00:00,44.91,45.24,44.8,45.1,27463983
2/21/2019 16:00:00,45,45.91,44.96,45.86,23121168
2/22/2019 16:00:00,45.76,45.95,45.2,45.28,24728388
2/25/2019 16:00:00,45.44,45.57,44.84,44.94,23774351
2/26/2019 16:00:00,45.1,45.14,44.66,44.69,20463228
2/27/2019 16:00:00,44.6,45.02,44.42,44.94,17827613
2/28/2019 16:00:00,45.12,45.61,45.11,45.34,22533939
3/1/2019 16:00:00,45.47,45.64,45.2,45.38,16291591
3/4/2019 16:00:00,45.53,45.67,45.3,45.65,15973822
3/5/2019 16:00:00,45.65,45.7,45.4,45.6,13062286
3/6/2019 16:00:00,45.67,45.79,45.44,45.45,14232155
3/7/2019 16:00:00,45.49,45.53,45.13,45.28,12083997
3/8/2019 16:00:00,45.15,45.25,44.61,44.84,15579292
3/11/2019 16:00:00,45.14,46.24,45.1,46.18,22126902
3/12/2019 16:00:00,45.95,46.25,45.9,46.05,19348467
3/13/2019 16:00:00,46.13,46.34,45.91,46.22,16222517
3/14/2019 16:00:00,45.84,46.11,45.63,45.7,18504233
3/15/2019 16:00:00,45.72,45.9,45.14,45.3,47254492
3/18/2019 16:00:00,45.43,45.68,45.36,45.41,24006385
3/19/2019 16:00:00,45.55,45.69,45.34,45.56,14986950
3/20/2019 16:00:00,45.4,45.9,45.18,45.53,13376078
3/21/2019 16:00:00,45.53,45.76,45.44,45.51,20043423
3/22/2019 16:00:00,45.46,46.11,45.46,45.93,19055939
3/25/2019 16:00:00,45.86,46.2,45.79,46.03,11668222
3/26/2019 16:00:00,46.17,46.79,46.17,46.64,11434888
3/27/2019 16:00:00,46.65,46.91,46.33,46.61,11543630
3/28/2019 16:00:00,46.68,46.92,46.48,46.58,11121067
3/29/2019 16:00:00,46.67,46.91,46.48,46.86,16045553
4/1/2019 16:00:00,46.99,47.17,46.59,46.72,11522684
4/2/2019 16:00:00,46.75,46.93,46.57,46.57,8495331
4/3/2019 16:00:00,46.42,46.59,46.04,46.18,12854520
4/4/2019 16:00:00,46.34,46.54,46.11,46.48,7814918
4/5/2019 16:00:00,46.49,46.58,46.2,46.47,7677796
4/8/2019 16:00:00,46.54,46.57,46.27,46.55,9421519
4/9/2019 16:00:00,46.45,46.72,46.27,46.67,8641776
4/10/2019 16:00:00,46.84,47,46.56,46.64,8060254
4/11/2019 16:00:00,46.72,46.75,46.54,46.71,7352467
4/12/2019 16:00:00,46.67,46.93,46.57,46.74,10690040
4/15/2019 16:00:00,46.88,47.04,46.7,47,10261724
4/16/2019 16:00:00,47.05,47.1,46.7,46.95,10804647
4/17/2019 16:00:00,47.2,47.55,47.15,47.28,11849263
4/18/2019 16:00:00,47.33,47.58,47.27,47.48,12167116
4/22/2019 16:00:00,47.4,47.61,47.02,47.4,9834685
4/23/2019 16:00:00,48.09,48.72,47.55,48.21,25327963
4/24/2019 16:00:00,48.03,48.23,47.92,47.98,15997286
4/25/2019 16:00:00,47.74,47.89,47.47,47.84,11444411
4/26/2019 16:00:00,47.99,48.45,47.98,48.26,10154302
4/29/2019 16:00:00,48.17,48.45,48.11,48.42,9731540
4/30/2019 16:00:00,48.53,49.18,48.39,49.06,17912962
5/1/2019 16:00:00,48.95,49.08,48.55,48.59,10551594
5/2/2019 16:00:00,48.53,48.77,48.27,48.39,8724932
5/3/2019 16:00:00,48.6,48.96,48.52,48.72,7076949
5/6/2019 16:00:00,48.33,48.61,48.26,48.47,8658209
5/7/2019 16:00:00,48.23,48.29,47.77,48,12487481
5/8/2019 16:00:00,48.05,48.23,47.82,47.85,9281542
5/9/2019 16:00:00,47.8,47.98,47.07,47.4,11450532
5/10/2019 16:00:00,47.41,48.3,47.4,48.19,9653803
5/13/2019 16:00:00,47.91,48.13,47.73,48.05,11911503
5/14/2019 16:00:00,48.53,49.32,48.35,48.69,16844203
5/15/2019 16:00:00,48.67,49.38,48.6,49.18,11422539
5/16/2019 16:00:00,49.27,49.66,49.21,49.58,17771456
5/17/2019 16:00:00,49.27,49.55,49.17,49.2,11257015
5/20/2019 16:00:00,49.04,49.14,48.76,48.85,13850532
5/21/2019 16:00:00,49,49.03,48.45,48.6,10587371
5/22/2019 16:00:00,48.78,49.71,48.72,49.65,16050700
5/23/2019 16:00:00,49.5,49.9,49.46,49.85,12199513
5/24/2019 16:00:00,49.82,49.89,49.53,49.61,6887900
5/28/2019 16:00:00,49.6,49.67,49.03,49.1,18614225
5/29/2019 16:00:00,48.74,49.03,48.41,48.61,12534850
5/30/2019 16:00:00,48.72,49.31,48.67,49.25,9087412
5/31/2019 16:00:00,49,49.31,48.78,49.13,11368639
6/3/2019 16:00:00,49.16,49.98,49.02,49.98,14167447
6/4/2019 16:00:00,50,50.28,49.62,50,12010729
6/5/2019 16:00:00,50.01,51.14,49.69,50.78,15837552
6/6/2019 16:00:00,50.91,51.54,50.59,51.4,15190441
6/7/2019 16:00:00,51.47,52.19,51.45,51.49,15293561
6/10/2019 16:00:00,51.54,51.54,51.09,51.38,9737469
6/11/2019 16:00:00,51.45,51.59,51.18,51.33,9915822
6/12/2019 16:00:00,51.5,52.14,51.47,51.64,11088124
6/13/2019 16:00:00,51.46,51.7,50.78,51.13,10353646
6/14/2019 16:00:00,51.05,51.53,51.05,51.31,8694261
6/17/2019 16:00:00,51.25,51.48,50.61,50.87,12322605
6/18/2019 16:00:00,51.25,51.3,50.53,50.64,9221096
6/19/2019 16:00:00,50.54,51.24,50.47,51.12,9414126
6/20/2019 16:00:00,51.5,51.79,51.35,51.66,10656580
6/21/2019 16:00:00,51.53,51.89,51.41,51.55,21264422
6/24/2019 16:00:00,51.74,52.2,51.7,51.92,10780166
6/25/2019 16:00:00,52,52.1,51.64,51.76,11519910
6/26/2019 16:00:00,51.52,51.64,51.09,51.12,12405074
6/27/2019 16:00:00,51.29,51.4,50.97,51.08,12374915
6/28/2019 16:00:00,51.27,51.4,50.52,50.92,16339869
7/1/2019 16:00:00,51.07,51.63,50.78,51.6,14983242
7/2/2019 16:00:00,51.78,52.05,51.55,51.98,8570397
7/3/2019 13:00:00,52,52.33,52,52.1,7253702
7/5/2019 16:00:00,51.89,52.12,51.48,52.11,8916270
7/8/2019 16:00:00,52.2,52.33,51.89,52,9495084
7/9/2019 16:00:00,51.72,51.97,51.43,51.59,10584925
7/10/2019 16:00:00,51.8,51.97,51.66,51.82,7620933
7/11/2019 16:00:00,51.99,52.06,51.66,52.04,10376532
7/12/2019 16:00:00,52.25,52.29,51.91,52.12,7347728
7/15/2019 16:00:00,52.28,52.29,51.87,52.13,5876139
7/16/2019 16:00:00,51.96,52.47,51.81,52.14,7132540
7/17/2019 16:00:00,52.22,52.26,52.01,52.18,8264361
7/18/2019 16:00:00,52.04,52.17,51.67,52.03,11912294
7/19/2019 16:00:00,52.14,52.15,51.37,51.39,10355791
7/22/2019 16:00:00,51.52,51.52,51.13,51.22,12095776
7/23/2019 16:00:00,53.25,54.64,52.76,54.33,33417948
7/24/2019 16:00:00,54.12,54.82,53.62,53.78,15633378
7/25/2019 16:00:00,53.63,53.8,52.72,53.07,19134962
7/26/2019 16:00:00,53.34,54.31,53.19,54.17,11452089
7/29/2019 16:00:00,54.17,54.3,53.9,53.99,12283929
7/30/2019 16:00:00,53.96,54.3,53.57,53.72,8127139
7/31/2019 16:00:00,53.51,53.51,52.04,52.63,16865525
8/1/2019 16:00:00,52.78,53.2,52.01,52.03,19527452
8/2/2019 16:00:00,51.91,52.73,51.91,52.33,13102306
8/5/2019 16:00:00,52.39,52.66,51.4,51.65,19986478
8/6/2019 16:00:00,51.87,52.76,51.61,52.27,19903076
8/7/2019 16:00:00,52.27,53.39,51.77,53.18,17937044
8/8/2019 16:00:00,53.21,53.78,52.85,53.69,10799081
8/9/2019 16:00:00,53.79,53.9,53.08,53.42,9260870
8/12/2019 16:00:00,53.28,53.44,52.99,53.2,6418760
8/13/2019 16:00:00,52.9,53.61,52.87,53.5,8657591
8/14/2019 16:00:00,53.34,53.97,52.97,52.99,17088932
8/15/2019 16:00:00,53.43,54,53.23,53.87,12393223
8/16/2019 16:00:00,53.98,54.49,53.95,54.41,14288686
8/19/2019 16:00:00,54.44,54.78,54.31,54.69,10936540
8/20/2019 16:00:00,54.62,54.68,53.84,53.88,8176977
8/21/2019 16:00:00,54.25,54.41,53.85,54.1,10886650
8/22/2019 16:00:00,54.12,54.64,54.1,54.49,7467949
8/23/2019 16:00:00,54.42,54.71,53.39,53.74,14160658
8/26/2019 16:00:00,54,54.54,53.73,54.54,9227331
8/27/2019 16:00:00,54.7,54.95,54.41,54.72,13538722
8/28/2019 16:00:00,54.66,55.15,54.42,55.11,10052411
8/29/2019 16:00:00,55.26,55.34,54.6,55.05,9262980
8/30/2019 16:00:00,55.16,55.22,54.81,55.04,8746708
9/3/2019 16:00:00,54.98,55.33,54.87,55.3,12991495
9/4/2019 16:00:00,55.35,55.92,55.3,55.77,10733807
9/5/2019 16:00:00,55.75,55.77,55.03,55.12,13677162
9/6/2019 16:00:00,55.44,55.44,54.76,55.23,9093514
9/9/2019 16:00:00,55.03,55.08,54.36,54.52,10814948
9/10/2019 16:00:00,54.23,54.44,53.85,54.4,12038561
9/11/2019 16:00:00,54.29,54.8,53.97,54.77,9740376
9/12/2019 16:00:00,55.1,55.31,54.98,55.11,12357891
9/13/2019 16:00:00,54.48,54.79,54.07,54.26,11486110
9/16/2019 16:00:00,54.1,54.34,53.63,53.96,11172001
9/17/2019 16:00:00,54.1,54.7,53.96,54.24,11402943
9/18/2019 16:00:00,54.2,54.29,53.82,54.23,9786556
9/19/2019 16:00:00,54.23,54.6,54.13,54.52,8088639
9/20/2019 16:00:00,54.69,54.69,53.9,53.91,19349483
9/23/2019 16:00:00,53.91,54.36,53.88,54.14,6837554
9/24/2019 16:00:00,54.25,54.61,54.04,54.3,10336537
9/25/2019 16:00:00,54.44,54.48,54,54.17,10289534
9/26/2019 16:00:00,54.47,54.58,54.13,54.39,11252681
9/27/2019 16:00:00,54.56,54.64,54,54.31,7941142
9/30/2019 16:00:00,54.15,54.68,54.15,54.44,9822826
10/1/2019 16:00:00,54.53,54.78,54.01,54.65,14650924
10/2/2019 16:00:00,54.21,54.44,52.9,53.08,15384000
10/3/2019 16:00:00,53.5,53.98,52.82,53.84,14206690
10/4/2019 16:00:00,54,54.54,53.89,54.54,9926618
10/7/2019 16:00:00,54.33,54.36,53.77,53.87,6105344
10/8/2019 16:00:00,53.88,54.07,53.45,53.58,13558243
10/9/2019 16:00:00,54.06,54.07,53.54,53.83,7168098
10/10/2019 16:00:00,53.55,53.88,53.36,53.66,9054321
10/11/2019 16:00:00,53.65,53.7,53.2,53.3,9433728
10/14/2019 16:00:00,53.49,53.68,53.22,53.3,7363270
10/15/2019 16:00:00,53.43,53.68,53.27,53.51,9575426
10/16/2019 16:00:00,53.46,53.57,53.13,53.49,10675920
10/17/2019 16:00:00,53.69,54.12,53.58,53.79,13336937
10/18/2019 16:00:00,55,55.39,54.45,54.78,18122505
10/21/2019 16:00:00,54.45,54.56,53.68,54.23,12879184
10/22/2019 16:00:00,54.23,54.42,53.74,53.85,9618980
10/23/2019 16:00:00,54.06,54.66,54.01,54.64,8648741
10/24/2019 16:00:00,54.57,54.82,54.49,54.61,11069474
10/25/2019 16:00:00,54.55,54.56,53.67,53.75,9782440
10/28/2019 16:00:00,53.74,53.95,53.37,53.57,8866055
10/29/2019 16:00:00,53.39,53.66,53.26,53.41,7999726
10/30/2019 16:00:00,53.52,54.05,53.16,53.94,8620879
10/31/2019 16:00:00,53.96,54.47,53.85,54.43,13981961
11/1/2019 16:00:00,54.63,54.74,53.85,53.9,9889529
11/4/2019 16:00:00,53.96,54,52.97,53.14,17515050
11/5/2019 16:00:00,52.89,52.89,52.12,52.42,19283965
11/6/2019 16:00:00,52.53,52.8,52.41,52.8,13288901
11/7/2019 16:00:00,52.88,53,51.96,52.29,11725819
11/8/2019 16:00:00,52.46,52.6,52.09,52.21,7141931
11/11/2019 16:00:00,52.33,52.37,51.78,51.84,8198919
11/12/2019 16:00:00,51.91,51.91,51.58,51.71,12656896
11/13/2019 16:00:00,52.18,52.45,51.96,52.41,12538461
11/14/2019 16:00:00,52.53,52.67,52.35,52.63,8660825
11/15/2019 16:00:00,52.64,52.68,52.38,52.67,8982554
11/18/2019 16:00:00,52.68,53.44,52.67,53.03,13783406
11/19/2019 16:00:00,53.15,53.31,52.87,53.08,12679741
11/20/2019 16:00:00,53.1,53.4,53.01,53.22,11970306
11/21/2019 16:00:00,53.11,53.34,52.78,52.96,7856139
11/22/2019 16:00:00,52.96,53.19,52.75,53.03,9113348
11/25/2019 16:00:00,53.28,53.39,52.77,53.22,10965781
11/26/2019 16:00:00,53.31,53.94,53.22,53.9,13240294
11/27/2019 16:00:00,53.93,54.1,53.6,53.95,9596440
11/29/2019 13:00:00,53.7,53.73,53.22,53.4,7222347
12/2/2019 16:00:00,53.32,53.75,52.85,53.75,13182506
12/3/2019 16:00:00,53.71,53.84,53.4,53.8,15847772
12/4/2019 16:00:00,53.8,54.31,53.72,54.29,13624914
12/5/2019 16:00:00,54.21,54.29,53.83,54.19,14069775
12/6/2019 16:00:00,54.31,54.5,54.17,54.42,7843836
12/9/2019 16:00:00,54.3,54.51,54.02,54.07,13925131
12/10/2019 16:00:00,54.04,54.07,53.73,53.77,8994061
12/11/2019 16:00:00,53.94,54.15,53.66,53.95,8879196
12/12/2019 16:00:00,54.01,54.45,53.94,54.14,11233465
12/13/2019 16:00:00,53.94,54.55,53.84,54.42,13072403
12/16/2019 16:00:00,54.69,54.83,54.37,54.42,9538429
12/17/2019 16:00:00,54.4,54.58,54.29,54.42,9230076
12/18/2019 16:00:00,54.53,54.75,53.89,53.91,15132347
12/19/2019 16:00:00,54.04,54.34,53.92,54.32,15150936
12/20/2019 16:00:00,54.94,55.2,54.47,54.97,23833294
12/23/2019 16:00:00,55,55.24,54.84,54.91,9300763
12/24/2019 13:00:00,54.8,55,54.64,54.71,3359259
12/26/2019 16:00:00,54.92,55.02,54.79,55.02,6228683
12/27/2019 16:00:00,55.01,55.45,55,55.35,6895612
12/30/2019 16:00:00,55.18,55.39,55.06,55.27,6432611
12/31/2019 16:00:00,55.2,55.38,54.98,55.35,7982821
1/2/2020 16:00:00,55.32,55.43,54.76,54.99,11099117
1/3/2020 16:00:00,54.32,54.99,54.09,54.69,11354497
1/6/2020 16:00:00,54.65,54.91,54.52,54.67,14698444
1/7/2020 16:00:00,54.45,54.6,54.15,54.25,10230672
1/8/2020 16:00:00,54.27,54.64,54.15,54.35,10676712
1/9/2020 16:00:00,55,55.4,54.84,55.34,15410150
1/10/2020 16:00:00,55.48,55.93,55.45,55.53,13041106
1/13/2020 16:00:00,55.53,56.23,55.42,56.13,14303171
1/14/2020 16:00:00,56.24,56.29,55.83,56,16347160
1/15/2020 16:00:00,56,56.98,56,56.7,17735380
1/16/2020 16:00:00,56.85,56.95,56.61,56.82,10234416
1/17/2020 16:00:00,56.87,57.15,56.8,56.94,14264298
1/21/2020 16:00:00,56.85,57.25,56.57,57.17,11968923
1/22/2020 16:00:00,57.25,57.64,57.18,57.61,12869732
1/23/2020 16:00:00,57.38,57.85,57.24,57.83,12858946
1/24/2020 16:00:00,57.85,57.87,57.46,57.68,8594325
1/27/2020 16:00:00,57.21,57.85,57.13,57.48,14359938
1/28/2020 16:00:00,57.45,57.75,56.97,57.01,15240426
1/29/2020 16:00:00,57,57.26,56.66,57.01,13173958
1/30/2020 16:00:00,57.93,58.98,57.76,58.86,20225581
1/31/2020 16:00:00,58.97,59.08,58.15,58.4,17685226
2/3/2020 16:00:00,58.75,58.97,58.52,58.58,12336755
2/4/2020 16:00:00,58.75,59.45,58.62,58.84,15417924
2/5/2020 16:00:00,58.9,59.08,58.54,58.85,11414910
2/6/2020 16:00:00,58.98,59.34,58.84,58.99,9347024
2/7/2020 16:00:00,58.88,59.32,58.85,59.19,8757800
2/10/2020 16:00:00,59.32,59.84,59.29,59.75,7984915
2/11/2020 16:00:00,59.72,59.8,59.32,59.59,7431244
2/12/2020 16:00:00,59.48,59.77,59.32,59.41,9179101
2/13/2020 16:00:00,59.38,59.84,59.21,59.61,8173191
2/14/2020 16:00:00,59.63,60.07,59.62,59.95,9965811
2/18/2020 16:00:00,59.81,59.93,59.45,59.53,10076116
2/19/2020 16:00:00,59.51,60,59.47,59.77,6265794
2/20/2020 16:00:00,59.68,59.86,59.11,59.72,7597337
2/21/2020 16:00:00,59.51,60.13,59.43,60.13,10842358
2/24/2020 16:00:00,59.11,59.8,58.57,58.65,14415502
2/25/2020 16:00:00,58.7,59.2,57.62,57.82,15915089
2/26/2020 16:00:00,57.98,58.47,57.48,57.6,15839658
2/27/2020 16:00:00,57.15,57.89,54.88,54.93,23754008
2/28/2020 16:00:00,53.83,53.89,51.58,53.49,40891823
3/2/2020 16:00:00,53.93,55.96,53.7,55.92,25698629
3/3/2020 16:00:00,56.76,57.49,55.64,56.06,27099173
3/4/2020 16:00:00,56.41,59,56.41,58.92,20526142
3/5/2020 16:00:00,57.8,58.17,56.19,56.74,17948494
3/6/2020 16:00:00,54.94,55.91,53.98,55.26,22353925
3/9/2020 16:00:00,52.05,53.58,51.48,51.86,27898258
3/10/2020 16:00:00,53.22,53.8,51.17,53.66,27457400
3/11/2020 16:00:00,52.35,52.65,51.14,52.21,22660708
3/12/2020 16:00:00,48.54,49.93,46.69,47.16,31913103
3/13/2020 16:00:00,49.51,49.56,46.61,48.47,33697153
3/16/2020 16:00:00,42.24,47.88,41.17,45.26,28682285
3/17/2020 16:00:00,45.88,47.5,45.37,47.18,32106680
3/18/2020 16:00:00,44.74,45.15,41.59,44.85,35408291
3/19/2020 16:00:00,44.36,44.66,41.04,41.83,41956853
3/20/2020 16:00:00,41.95,42.07,37.51,38.3,51513503
3/23/2020 16:00:00,38.76,38.89,36.27,37.56,44978496
3/24/2020 16:00:00,41.22,41.4,38.83,39.45,49096206
3/25/2020 16:00:00,40.63,43.45,39.91,41.61,42511651
3/26/2020 16:00:00,42.84,45.27,42.45,44.29,37828294
3/27/2020 16:00:00,43.66,44.03,42.4,42.81,23297904
3/30/2020 16:00:00,43.04,45.56,43.04,45,23445966
3/31/2020 16:00:00,45.07,45.51,44.06,44.25,25373932
4/1/2020 16:00:00,42.48,43.65,41.8,42.12,21936414
4/2/2020 16:00:00,42.22,44.19,41.86,43.95,17621881
4/3/2020 16:00:00,43.58,44.34,43.31,43.83,14207106
4/6/2020 16:00:00,45.39,47.01,44.69,46.67,22849977
4/7/2020 16:00:00,48.5,48.6,46.48,46.51,21279572
4/8/2020 16:00:00,46.64,48.09,46.33,47.82,18937133
4/9/2020 16:00:00,48.44,49.73,48.35,49,19167279
4/13/2020 16:00:00,48.35,48.64,46.5,46.93,19586015
4/14/2020 16:00:00,47.94,49.25,46.93,48.92,21801877
4/15/2020 16:00:00,47.71,48.4,47.41,47.61,12893170
4/16/2020 16:00:00,47.4,47.85,46.76,47.1,17606777
4/17/2020 16:00:00,48.3,48.3,47.37,48.06,19844640
4/20/2020 16:00:00,47.79,48,46.31,46.53,18957924
4/21/2020 16:00:00,45.88,46.9,44.26,45.38,26863724
4/22/2020 16:00:00,46.05,46.15,45.5,45.68,15815150
4/23/2020 16:00:00,45.95,46.1,44.97,45.07,17668165
4/24/2020 16:00:00,45.5,45.75,45.12,45.43,15177581
4/27/2020 16:00:00,46,46.98,45.71,46.78,19175538
4/28/2020 16:00:00,47.9,48,46.57,46.74,17246696
4/29/2020 16:00:00,47.27,47.86,46.88,47.12,15780000
4/30/2020 16:00:00,47,47,45.7,45.89,20801092
5/1/2020 16:00:00,45.62,46.39,45.21,45.6,14290418
5/4/2020 16:00:00,45.32,45.48,44.6,45.14,22544162
5/5/2020 16:00:00,45.36,46.1,45.15,45.4,13370526
5/6/2020 16:00:00,45.4,45.63,44.72,44.75,11892890
5/7/2020 16:00:00,45.15,45.24,44.5,44.6,16474652
5/8/2020 16:00:00,45.08,46.22,44.88,46.11,13987843
5/11/2020 16:00:00,45.69,46.11,45.52,45.54,10874595
5/12/2020 16:00:00,45.6,45.85,44.8,44.82,13424424
5/13/2020 16:00:00,44.71,44.78,43.52,43.94,15854778
5/14/2020 16:00:00,43.38,44.06,43.23,43.7,18000815
5/15/2020 16:00:00,43.96,44.69,43.2,43.26,31579431
5/18/2020 16:00:00,44.82,45.39,44.13,44.97,26122327
5/19/2020 16:00:00,45.01,45.33,44.25,44.54,17839922
5/20/2020 16:00:00,45.2,46.17,45.02,45.89,22295929
5/21/2020 16:00:00,46.08,46.09,45.03,45.17,13193528
5/22/2020 16:00:00,45.22,45.31,44.65,45.03,13008410
5/26/2020 16:00:00,46.92,46.93,45.93,46.09,22223098
5/27/2020 16:00:00,47,47.09,46.17,46.73,18447622
5/28/2020 16:00:00,47.3,47.46,46.82,47.09,16234424
5/29/2020 16:00:00,46.68,47.19,46.14,46.68,51129923
6/1/2020 16:00:00,46.66,47.23,46.59,46.99,17013041
6/2/2020 16:00:00,47.16,47.28,46.56,46.9,15255146
6/3/2020 16:00:00,47.27,48.12,47.12,47.9,15508291
6/4/2020 16:00:00,47.94,48.27,47.38,47.92,13604668
6/5/2020 16:00:00,48.54,49.49,48.46,49.09,20504798
6/8/2020 16:00:00,49.54,49.97,49.47,49.85,19896657
6/9/2020 16:00:00,49.59,49.59,48.68,49,16713660
6/10/2020 16:00:00,49.16,49.27,48.57,48.62,15716570
6/11/2020 16:00:00,47.81,47.92,45.46,45.54,26070384
6/12/2020 16:00:00,46.21,46.25,45.01,45.6,21822737
6/15/2020 16:00:00,44.57,46.45,44.47,46.3,15627065
6/16/2020 16:00:00,47.56,47.69,46.19,46.77,18808008
6/17/2020 16:00:00,46.78,47.06,46.44,46.58,12602791
6/18/2020 16:00:00,46.3,47.04,46.07,46.99,9380779
6/19/2020 16:00:00,47.77,47.79,46.02,46.02,30432088
6/22/2020 16:00:00,46.03,46.15,45.38,45.74,20876167
6/23/2020 16:00:00,46,46.29,45.58,45.64,14675296
6/24/2020 16:00:00,45.37,45.44,44.5,44.65,17631817
6/25/2020 16:00:00,44.47,44.98,44.03,44.93,13829653
6/26/2020 16:00:00,44.92,45.01,43.51,43.57,21955057
6/29/2020 16:00:00,44,44.57,43.55,44.36,17603890
6/30/2020 16:00:00,44.25,44.83,44.04,44.68,23679840
7/1/2020 16:00:00,44.93,45.53,44.71,44.82,14316519
7/2/2020 16:00:00,45.29,45.43,44.8,44.88,15111894
7/6/2020 16:00:00,45.14,45.27,44.61,45.23,15146037
7/7/2020 16:00:00,45,45.5,44.8,45.21,13043564
7/8/2020 16:00:00,45.14,45.18,44.47,45.07,13851199
7/9/2020 16:00:00,45.05,45.05,43.83,43.91,16087065
7/10/2020 16:00:00,43.88,45.25,43.86,45.15,15627763
7/13/2020 16:00:00,45.53,45.68,44.96,45.25,16705349
7/14/2020 16:00:00,44.91,45.94,44.67,45.87,17080128
7/15/2020 16:00:00,46.3,47.19,46.2,46.4,23738000
7/16/2020 16:00:00,46.26,46.69,45.94,46.15,13306109
7/17/2020 16:00:00,46.47,46.91,46.13,46.82,13906056
7/20/2020 16:00:00,46.72,46.83,45.85,46.12,16633176
7/21/2020 16:00:00,47.52,47.99,46.93,47.2,25686341
7/22/2020 16:00:00,47.93,48.52,47.03,48.48,29831184
7/23/2020 16:00:00,48.47,48.57,48.03,48.28,15934950
7/24/2020 16:00:00,48.4,48.8,48.07,48.49,16196843
7/27/2020 16:00:00,48.18,48.51,48.18,48.48,17346533
7/28/2020 16:00:00,48.34,49.28,48.1,48.18,13872700
7/29/2020 16:00:00,48.14,48.5,47.82,48.02,13758066
7/30/2020 16:00:00,47.67,48.23,47.2,47.69,17276478
7/31/2020 16:00:00,47.44,47.77,46.73,47.24,14850566
8/3/2020 16:00:00,47.14,47.36,46.23,46.3,14141813
8/4/2020 16:00:00,46.29,46.86,46.22,46.69,11707035
8/5/2020 16:00:00,46.9,47.27,46.81,47.22,10561639
8/6/2020 16:00:00,46.66,47.53,46.6,47.48,10745032
8/7/2020 16:00:00,47.47,48.08,47.21,47.8,11669705
8/10/2020 16:00:00,48.06,48.28,47.66,47.72,11887957
8/11/2020 16:00:00,48.46,48.65,47.7,47.93,16531563
8/12/2020 16:00:00,48.3,48.69,48.12,48.43,9564025
8/13/2020 16:00:00,48.26,48.73,48.06,48.38,9882909
8/14/2020 16:00:00,48.34,48.69,48.03,48.45,10075809
8/17/2020 16:00:00,48.32,48.75,48.2,48.21,9102364
8/18/2020 16:00:00,48.2,48.5,47.96,48.42,9828985
8/19/2020 16:00:00,48.12,48.38,47.22,47.37,17371036
8/20/2020 16:00:00,47.27,47.6,47.09,47.35,11308737
8/21/2020 16:00:00,47.34,47.5,46.97,47.28,14734120
8/24/2020 16:00:00,47.43,47.98,47.18,47.97,9257725
8/25/2020 16:00:00,48,48.05,47.65,47.91,7827833
8/26/2020 16:00:00,47.76,48.18,47.47,48.16,10124150
8/27/2020 16:00:00,48.25,48.82,48.2,48.23,10931635
8/28/2020 16:00:00,48.75,49.85,48.53,49.83,16420259
8/31/2020 16:00:00,49.8,50.07,49.35,49.53,18510779
9/1/2020 16:00:00,49.31,49.35,48.83,49.12,12590434
9/2/2020 16:00:00,49.36,51.36,49.36,51.19,26332630
9/3/2020 16:00:00,51.4,52.14,50.1,50.48,22289383
9/4/2020 16:00:00,50.94,51.47,50.28,51.04,21019545
9/8/2020 16:00:00,50.93,51.04,49.36,49.81,17776745
9/9/2020 16:00:00,49.6,50.76,49.55,50.19,15252275
9/10/2020 16:00:00,50.35,50.68,49.95,50,15439505
9/11/2020 16:00:00,50.4,51.2,50.1,51.06,18272338
9/14/2020 16:00:00,50.97,51.23,50.57,50.71,10911657
9/15/2020 16:00:00,51,51.38,50.84,51.05,12838392
9/16/2020 16:00:00,50.95,51.45,50.74,50.79,15354678
9/17/2020 16:00:00,50.22,50.63,49.94,50.55,13287136
9/18/2020 16:00:00,50.75,51.16,50.21,50.45,23816602
9/21/2020 16:00:00,49.75,50.02,48.61,49.09,17514771
9/22/2020 16:00:00,49.11,50.04,49.07,49.66,13034616
9/23/2020 16:00:00,49.73,49.92,48.17,48.21,17121210
9/24/2020 16:00:00,48.21,49.1,47.56,48.7,16788103
9/25/2020 16:00:00,48.2,48.76,47.98,48.72,12603379
9/28/2020 16:00:00,49.31,49.71,49.14,49.28,11215708
9/29/2020 16:00:00,49.39,49.56,48.91,48.92,12427767
9/30/2020 16:00:00,49.27,49.62,48.89,49.37,15755901
10/1/2020 16:00:00,49.44,49.66,48.59,49.18,17577263
10/2/2020 16:00:00,48.76,49.58,48.55,49.36,13610071
10/5/2020 16:00:00,49.43,49.55,49.12,49.38,10628736
10/6/2020 16:00:00,49.55,49.73,48.83,48.94,10077431
10/7/2020 16:00:00,49.02,49.76,48.95,49.56,10135646
10/8/2020 16:00:00,49.71,50.54,49.54,50.46,12143920
10/9/2020 16:00:00,50.67,51.23,50.6,50.81,11407809
10/12/2020 16:00:00,50.84,51.53,50.83,51.09,11386512
10/13/2020 16:00:00,50.99,50.99,49.9,50.22,14365292
10/14/2020 16:00:00,50.05,50.49,49.65,50.12,10582935
10/15/2020 16:00:00,49.4,50.13,49.3,49.99,9963190
10/16/2020 16:00:00,49.99,50.35,49.87,50.03,13570887
10/19/2020 16:00:00,50.03,50.48,49.46,49.62,9930443
10/20/2020 16:00:00,49.89,50.62,49.79,50.25,10972732
10/21/2020 16:00:00,49.96,50.43,49.77,49.99,12517411
10/22/2020 16:00:00,51.17,51.2,50.38,50.68,20189227
10/23/2020 16:00:00,51,51.18,50.47,50.52,13491265
10/26/2020 16:00:00,50.34,50.51,49.2,49.8,14696396
10/27/2020 16:00:00,49.81,50.29,49.55,49.9,13892109
10/28/2020 16:00:00,49,49.15,47.78,47.96,19886155
10/29/2020 16:00:00,47.73,48.48,47.3,48.02,15369877
10/30/2020 16:00:00,47.81,48.12,47.37,48.06,15805004
11/2/2020 16:00:00,48.75,48.95,48.24,48.62,15156149
11/3/2020 16:00:00,49.22,49.96,49,49.35,15285086
11/4/2020 16:00:00,49.43,50.21,49.08,49.17,12930818
11/5/2020 16:00:00,49.76,50.21,49.34,49.44,12452432
11/6/2020 16:00:00,49.65,49.99,49.25,49.45,9294903
11/9/2020 16:00:00,52.5,53.26,52.07,52.57,33441952
11/10/2020 16:00:00,52.57,54.28,52.45,53.98,29706666
11/11/2020 16:00:00,53.93,54.3,53.33,53.58,17399922
11/12/2020 16:00:00,53.05,53.21,52.61,53.01,15026961
11/13/2020 16:00:00,53.25,53.5,52.89,53.45,12449444
11/16/2020 16:00:00,54.5,54.62,53.28,53.85,14908181
11/17/2020 16:00:00,53.66,53.75,53.03,53.68,14248362
11/18/2020 16:00:00,53.75,54.02,52.56,52.61,15278206
11/19/2020 16:00:00,52.49,53.23,51.95,53.13,17189549
11/20/2020 16:00:00,53.19,53.25,52.59,52.67,15647921
11/23/2020 16:00:00,52.95,53.17,52.2,52.68,13194015
11/24/2020 16:00:00,53.14,53.59,53.02,53.22,13836367
11/25/2020 16:00:00,53.07,53.28,52.79,52.93,10194758
11/27/2020 13:00:00,53.11,53.19,52.61,52.7,8499289
11/30/2020 16:00:00,52.09,52.19,51.08,51.6,43203587
12/1/2020 16:00:00,52.14,52.33,51.79,52.04,18969341
12/2/2020 16:00:00,51.9,52.13,51.64,52.11,14913072
12/3/2020 16:00:00,51.9,52.94,51.9,52.78,17318877
12/4/2020 16:00:00,52.78,53.87,52.76,53.85,18122399
12/7/2020 16:00:00,53.76,53.78,52.7,52.99,16210855
12/8/2020 16:00:00,52.94,53.48,52.79,53.18,12485802
12/9/2020 16:00:00,53.37,53.6,53,53.33,11508587
12/10/2020 16:00:00,53.4,53.51,52.98,53.05,12097340
12/11/2020 16:00:00,52.8,53.54,52.78,53.35,10638103
12/14/2020 16:00:00,53.65,53.84,53.18,53.27,22292031
12/15/2020 16:00:00,53.79,54.22,53.6,53.84,16194487
12/16/2020 16:00:00,53.6,53.8,52.94,53.06,15679648
12/17/2020 16:00:00,53.3,53.71,53.15,53.27,12677329
12/18/2020 16:00:00,53.08,53.84,52.62,53.74,35480123
12/21/2020 16:00:00,52.68,53,51.98,52.81,14926602
12/22/2020 16:00:00,52.81,53.18,52.39,52.76,9691586
12/23/2020 16:00:00,52.95,53.39,52.94,53.08,7040628
12/24/2020 13:00:00,53.02,53.55,53.02,53.44,3265532
12/28/2020 16:00:00,53.85,54.44,53.73,54.16,9020482
12/29/2020 16:00:00,54.45,54.49,54.02,54.13,8320600
12/30/2020 16:00:00,54.05,54.63,54.03,54.44,8142749
12/31/2020 16:00:00,54.45,54.93,54.27,54.84,8494972
1/4/2021 16:00:00,54.27,54.63,52.03,52.76,25611104
1/5/2021 16:00:00,52.33,52.62,52.03,52.18,20323822
1/6/2021 16:00:00,51.97,52.02,50.19,50.52,38724516
1/7/2021 16:00:00,50.09,50.26,49.52,49.96,53225700
1/8/2021 16:00:00,50.03,51.13,49.84,51.08,29673952
1/11/2021 16:00:00,50.62,50.86,49.95,50.2,19310581
1/12/2021 16:00:00,50.04,50.37,49.76,50.11,18538664
1/13/2021 16:00:00,49.98,50.36,49.95,50.16,18864148
1/14/2021 16:00:00,50.16,50.18,49.22,49.23,34303579
1/15/2021 16:00:00,49.16,49.18,48.53,48.7,24366789
1/19/2021 16:00:00,48.74,49.04,48.24,48.51,29114466
1/20/2021 16:00:00,48.54,48.82,48.31,48.68,23115796
1/21/2021 16:00:00,48.78,49.09,48.46,48.95,19707198
1/22/2021 16:00:00,48.81,48.94,48.49,48.49,15400347
1/25/2021 16:00:00,48.42,48.84,48.24,48.78,16604213
1/26/2021 16:00:00,48.91,49.4,48.61,49.29,12922626
1/27/2021 16:00:00,48.89,49.32,48.23,48.53,21242412
1/28/2021 16:00:00,48.69,49.5,48.61,49.15,17498867
1/29/2021 16:00:00,49.03,49.12,48.11,48.15,18670257
2/1/2021 16:00:00,48.27,48.69,48.18,48.48,12183609
2/2/2021 16:00:00,48.8,49.35,48.63,48.96,13319750
2/3/2021 16:00:00,48.95,49.09,48.67,48.77,12274115
2/4/2021 16:00:00,48.96,49.07,48.65,49.01,20597413
2/5/2021 16:00:00,49.5,49.78,49.27,49.65,12742032
2/8/2021 16:00:00,49.96,50.17,49.49,49.92,17833222
2/9/2021 16:00:00,49.85,50.02,49.63,49.7,14592923
2/10/2021 16:00:00,50.41,50.58,49.53,49.6,22965432
2/11/2021 16:00:00,49.81,50.59,49.8,50.3,21928581
2/12/2021 16:00:00,50.57,50.85,50.39,50.69,13137059
2/16/2021 16:00:00,50.62,50.72,50.16,50.27,15093406
2/17/2021 16:00:00,50,50.49,49.89,50.13,12810509
2/18/2021 16:00:00,50.16,50.85,50.03,50.77,12749841
2/19/2021 16:00:00,50.79,50.83,49.97,50.11,15968769
2/22/2021 16:00:00,49.85,50.88,49.67,50.63,14370879
2/23/2021 16:00:00,51,51.51,50.42,50.54,16222250
2/24/2021 16:00:00,50.39,50.9,50.13,50.71,14441998
2/25/2021 16:00:00,50.47,50.75,49.98,50.17,14211089
2/26/2021 16:00:00,50.2,50.21,48.97,48.99,23638352
3/1/2021 16:00:00,49.44,50.44,49.4,49.9,13904859
3/2/2021 16:00:00,49.84,50.56,49.7,50.1,11755132
3/3/2021 16:00:00,49.72,50.56,49.71,49.98,15410665
3/4/2021 16:00:00,50.31,51.09,49.62,49.94,22036421
3/5/2021 16:00:00,50.05,50.95,49.9,50.79,21310758
3/8/2021 16:00:00,51.47,52.49,51.16,51.64,25084870
3/9/2021 16:00:00,51.72,51.88,50.82,50.86,23082680
3/10/2021 16:00:00,51.18,51.63,50.72,51.44,21331589
3/11/2021 16:00:00,51.41,51.43,50.81,50.88,17417652
3/12/2021 16:00:00,50.59,50.68,50.2,50.36,17598594
3/15/2021 16:00:00,50.5,51.12,50.47,51.03,13414078
3/16/2021 16:00:00,51.2,51.52,51.04,51.22,14214187
3/17/2021 16:00:00,51.25,51.62,51.15,51.24,17502653
3/18/2021 16:00:00,51.06,51.19,50.49,50.57,18007306
3/19/2021 16:00:00,50.46,51.08,50.17,50.81,67845715
3/22/2021 16:00:00,50.32,51.08,50.32,51,17911391
3/23/2021 16:00:00,50.99,51.65,50.83,51.39,16936692
3/24/2021 16:00:00,51.17,51.89,51.15,51.52,14997373
3/25/2021 16:00:00,51.7,52.06,51.17,52.02,17091938
3/26/2021 16:00:00,52.14,53.11,51.76,53.04,17126693
3/29/2021 16:00:00,52.73,53.94,52.71,53.85,17514066
3/30/2021 16:00:00,53.75,53.79,52.93,53.15,14871754
3/31/2021 16:00:00,53.03,53.17,52.5,52.71,15826474
4/1/2021 16:00:00,52.96,53.15,52.46,52.51,15834732
4/5/2021 16:00:00,52.35,53.22,52.29,52.81,16368724
4/6/2021 16:00:00,53.04,53.65,52.9,53.19,15614268
4/7/2021 16:00:00,53.28,53.5,53.12,53.28,10062687
4/8/2021 16:00:00,53.17,53.38,52.97,53.12,9695561
4/9/2021 16:00:00,53.17,53.28,52.81,53.18,10828169
4/12/2021 16:00:00,53.33,53.55,53.1,53.35,8565279
4/13/2021 16:00:00,53.04,53.29,52.81,53.09,11071689
4/14/2021 16:00:00,52.98,53.19,52.65,53.08,9787597
4/15/2021 16:00:00,53.13,53.66,53.12,53.33,13078104
4/16/2021 16:00:00,53.74,53.8,53.38,53.68,17974107
4/19/2021 16:00:00,54,54.36,53.3,54,19352942
4/20/2021 16:00:00,53.84,54.59,53.81,54.17,14419247
4/21/2021 16:00:00,54.24,54.74,54.24,54.61,13866500
4/22/2021 16:00:00,54.47,54.87,54.32,54.44,12558856
4/23/2021 16:00:00,54.4,54.59,54.17,54.47,9023480
4/26/2021 16:00:00,54.47,54.51,53.58,53.66,11684627
4/27/2021 16:00:00,53.56,53.7,53.32,53.58,9852430
4/28/2021 16:00:00,53.98,54.05,53.44,53.59,10868141
4/29/2021 16:00:00,53.54,54.36,53.43,54.26,15390993
4/30/2021 16:00:00,54.25,54.27,53.69,53.98,14912570
5/3/2021 16:00:00,54.27,54.8,54.16,54.48,10417920
5/4/2021 16:00:00,54.57,54.62,53.94,54.14,14151238
5/5/2021 16:00:00,54.14,54.24,53.75,54,6505842
5/6/2021 16:00:00,54.12,54.61,54.05,54.54,11572695
5/7/2021 16:00:00,54.44,54.77,54.16,54.51,10637483
5/10/2021 16:00:00,54.88,55.5,54.83,54.91,15545823
5/11/2021 16:00:00,55.03,55.14,54.05,54.32,12986733
5/12/2021 16:00:00,54.36,54.56,53.88,54.04,15836456
5/13/2021 16:00:00,53.97,54.78,53.83,54.51,15476903
5/14/2021 16:00:00,54.9,55.1,54.69,54.73,11725564
5/17/2021 16:00:00,54.84,55.02,54.5,54.64,12119758
5/18/2021 16:00:00,54.39,54.56,54.1,54.34,13232497
5/19/2021 16:00:00,54.12,54.18,53.61,54.17,15126119
5/20/2021 16:00:00,54.12,54.8,54.12,54.65,10948425
5/21/2021 16:00:00,54.8,55.12,54.22,54.62,16033217
5/24/2021 16:00:00,54.63,54.93,54.49,54.8,10326136
5/25/2021 16:00:00,54.82,54.82,54.35,54.79,11916454
5/26/2021 16:00:00,54.98,55.05,54.59,55.03,16064277
5/27/2021 16:00:00,55.21,55.57,54.78,55.49,59109570
5/28/2021 16:00:00,55.35,55.71,55.2,55.29,17011952
6/1/2021 16:00:00,55.34,55.65,55.1,55.28,13304325
6/2/2021 16:00:00,55.5,55.56,55.26,55.5,11328699
6/3/2021 16:00:00,55.18,55.74,55.1,55.64,17364323
6/4/2021 16:00:00,55.9,56.48,55.78,56.24,18935060
6/7/2021 16:00:00,56.31,56.34,55.81,56.04,14011112
6/8/2021 16:00:00,56.25,56.25,55.55,55.65,10968281
6/9/2021 16:00:00,55.75,55.92,55.48,55.48,9838835
6/10/2021 16:00:00,55.91,56.12,55.76,55.91,12444369
6/11/2021 16:00:00,55.99,56.21,55.66,56.16,11825803
6/14/2021 16:00:00,55.69,55.71,55.2,55.55,9710829
6/15/2021 16:00:00,55.78,55.79,55.19,55.41,11154217
6/16/2021 16:00:00,55.44,55.46,54.64,54.67,15211721
6/17/2021 16:00:00,54.67,55.15,54.65,54.95,10658390
6/18/2021 16:00:00,54.51,54.62,53.72,53.77,31445555
6/21/2021 16:00:00,54.22,54.43,54,54.36,14404310
6/22/2021 16:00:00,54.34,54.85,54.26,54.56,13072841
6/23/2021 16:00:00,54.56,54.6,54.11,54.12,12339159
6/24/2021 16:00:00,54.26,54.42,54,54.39,11488442
6/25/2021 16:00:00,54.24,54.47,54.01,54.32,18880340
6/28/2021 16:00:00,54.25,54.37,54,54.26,10556912
6/29/2021 16:00:00,54.13,54.34,53.72,53.86,12300924
6/30/2021 16:00:00,53.8,54.18,53.75,54.11,14614195
7/1/2021 16:00:00,54.34,54.48,53.86,53.96,13214702
7/2/2021 16:00:00,54,54.45,54,54.18,10605054
7/6/2021 16:00:00,53.99,54.09,53.55,53.88,15278172
7/7/2021 16:00:00,53.72,54.38,53.72,54.32,14377872
7/8/2021 16:00:00,54.01,54.17,53.74,54.13,11943918
7/9/2021 16:00:00,54.25,54.52,54.18,54.46,10847005
7/12/2021 16:00:00,54.32,54.6,54.27,54.48,15107579
7/13/2021 16:00:00,54.95,55.3,54.75,55.02,15170812
7/14/2021 16:00:00,55.02,56.35,54.96,56.26,22002675
7/15/2021 16:00:00,56.24,56.47,55.91,56.44,15068176
7/16/2021 16:00:00,56.46,56.68,56.26,56.4,14860540
7/19/2021 16:00:00,56.08,56.35,55.16,55.73,19526983
7/20/2021 16:00:00,55.73,56.33,55.52,55.83,16257890
7/21/2021 16:00:00,57.33,57.56,56.43,56.55,20918157
7/22/2021 16:00:00,56.62,56.74,56.05,56.47,13402711
7/23/2021 16:00:00,56.59,57.33,56.45,57.01,12143963
7/26/2021 16:00:00,56.89,57.12,56.56,57.06,8681136
7/27/2021 16:00:00,57.11,57.54,56.92,57.26,12794364
7/28/2021 16:00:00,56.99,57.16,56.63,56.74,9857959
7/29/2021 16:00:00,57.07,57.25,56.86,57.05,9599110
7/30/2021 16:00:00,57.15,57.25,56.9,57.03,11727287
8/2/2021 16:00:00,57.2,57.24,56.71,56.88,9777990
8/3/2021 16:00:00,57,57,56.75,56.92,8825480
8/4/2021 16:00:00,56.75,56.95,56.01,56.1,11888363
8/5/2021 16:00:00,56.44,56.59,56.29,56.5,9806780
8/6/2021 16:00:00,56.6,56.74,56.44,56.64,10409250
8/9/2021 16:00:00,56.8,56.88,56.43,56.65,8859893
8/10/2021 16:00:00,56.84,57.17,56.66,56.8,10906922
8/11/2021 16:00:00,56.89,57.18,56.71,56.73,8370669
8/12/2021 16:00:00,56.73,56.98,56.73,56.84,6169450
8/13/2021 16:00:00,56.81,57.3,56.77,57.23,7714175
8/16/2021 16:00:00,57.2,57.49,57.03,57.48,7973528
8/17/2021 16:00:00,57.46,57.56,57.01,57.28,10346446
8/18/2021 16:00:00,57.19,57.23,56.42,56.5,13873728
8/19/2021 16:00:00,56.06,56.98,55.95,56.86,9223662
8/20/2021 16:00:00,56.84,57.03,56.58,56.64,10543566
8/23/2021 16:00:00,56.67,56.75,56.38,56.44,8912813
8/24/2021 16:00:00,56.64,56.64,55.9,56.01,12067193
8/25/2021 16:00:00,56.06,56.17,55.73,56.07,11270669
8/26/2021 16:00:00,55.95,55.98,55.51,55.54,10331493
8/27/2021 16:00:00,55.66,55.79,55.45,55.65,8844146
8/30/2021 16:00:00,55.69,56.2,55.64,56.18,10034681
8/31/2021 16:00:00,56.16,56.52,56,56.31,14185706
9/1/2021 16:00:00,56.38,56.8,56.28,56.69,9519203
9/2/2021 16:00:00,56.77,57.03,56.41,56.77,11654234
9/3/2021 16:00:00,56.46,56.77,56.25,56.73,13220668
9/7/2021 16:00:00,56.6,56.69,55.51,55.67,20037974
9/8/2021 16:00:00,55.61,56.48,55.61,56.42,12040068
9/9/2021 16:00:00,56.18,56.42,55.8,55.86,12545367
9/10/2021 16:00:00,56.01,56.13,55.52,55.61,10573710
9/13/2021 16:00:00,55.74,56.4,55.74,56.07,20274271
9/14/2021 16:00:00,55.92,55.98,55.55,55.69,13918852
9/15/2021 16:00:00,55.68,56,55.42,55.88,15745981
9/16/2021 16:00:00,55.72,55.99,54.82,55.35,17430420
9/17/2021 16:00:00,55.02,55.19,54.37,54.44,33383192
9/20/2021 16:00:00,54.11,54.4,53.73,54.06,27542450
9/21/2021 16:00:00,54.39,54.82,53.94,54.05,16418161
9/22/2021 16:00:00,54.51,54.56,54.06,54.13,12719723
9/23/2021 16:00:00,54.26,54.62,54,54.04,13836215
9/24/2021 16:00:00,54,54.24,53.86,53.89,9682234
9/27/2021 16:00:00,53.85,54.25,53.57,53.61,12429466
9/28/2021 16:00:00,53.46,53.46,52.43,52.64,19926090
9/29/2021 16:00:00,52.64,53.16,52.56,52.96,13941474
9/30/2021 16:00:00,53.17,53.33,52.43,52.47,17674372
10/1/2021 16:00:00,52.78,53.2,52.57,53.02,16277410
10/4/2021 16:00:00,53.06,53.53,52.4,52.99,18973448
10/5/2021 16:00:00,53.02,53.47,52.93,53.08,17173137
10/6/2021 16:00:00,52.77,53.77,52.51,53.71,21284532
10/7/2021 16:00:00,53.99,54.28,53.81,53.88,13774366
10/8/2021 16:00:00,54,54.39,53.9,54.12,13786820
10/11/2021 16:00:00,54.21,54.39,54.01,54.23,12378523
10/12/2021 16:00:00,54.42,54.83,54.22,54.23,19474368
10/13/2021 16:00:00,54.17,54.43,53.79,54.24,12143664
10/14/2021 16:00:00,54.39,54.81,54.31,54.61,13704288
10/15/2021 16:00:00,54.64,54.88,54.29,54.48,17867141
10/18/2021 16:00:00,54.35,54.39,53.86,53.94,15861788
10/19/2021 16:00:00,54.04,54.2,53.77,54.15,11068618
10/20/2021 16:00:00,54.18,54.76,54.11,54.63,12474869
10/21/2021 16:00:00,54.6,54.67,54.21,54.35,14388305
10/22/2021 16:00:00,54.39,54.53,54.07,54.45,12828798
10/25/2021 16:00:00,54.38,54.47,54.02,54.23,11855031
10/26/2021 16:00:00,54.32,54.58,54.23,54.47,12086749
10/27/2021 16:00:00,55.97,56.08,55.27,55.52,24019827
10/28/2021 16:00:00,55.75,56.11,55.62,56.04,15927963
10/29/2021 16:00:00,55.87,56.47,55.78,56.37,24463737
11/1/2021 16:00:00,56.39,56.4,55.9,56.17,11651091
11/2/2021 16:00:00,56.47,56.5,55.97,56.1,11498857
11/3/2021 16:00:00,56,56.33,55.78,56.29,10788276
11/4/2021 16:00:00,56.11,56.63,56.03,56.6,10820196
11/5/2021 16:00:00,56.84,57.16,56.59,56.84,12886660
11/8/2021 16:00:00,56.75,56.89,56.13,56.33,12827968
11/9/2021 16:00:00,56.41,56.52,56.09,56.49,10155817
11/10/2021 16:00:00,56.54,56.92,56.29,56.72,8813611
11/11/2021 16:00:00,56.83,56.88,56.57,56.74,7257681
11/12/2021 16:00:00,56.75,56.99,56.55,56.61,10162510
11/15/2021 16:00:00,56.53,56.68,56.27,56.62,10289188
11/16/2021 16:00:00,56.62,56.94,56.19,56.22,13756461
11/17/2021 16:00:00,56.04,56.05,55.65,55.91,13288677
11/18/2021 16:00:00,55.83,55.93,55.14,55.41,15380377
11/19/2021 16:00:00,55.44,55.49,54.9,55.13,15813660
11/22/2021 16:00:00,55.1,56.02,55.08,55.47,16906227
11/23/2021 16:00:00,55.66,56.11,55.5,55.88,13836255
11/24/2021 16:00:00,55.71,55.84,55.03,55.43,12598975
11/26/2021 13:00:00,54.59,54.75,53.58,53.73,14754338
11/29/2021 16:00:00,54.05,54.73,53.93,54.58,22712471
11/30/2021 16:00:00,53.6,53.63,52.44,52.45,30485169
12/1/2021 16:00:00,52.98,53.52,52.28,52.3,18724144
12/2/2021 16:00:00,52.6,53.34,52.51,53.07,17074165
12/3/2021 16:00:00,53.33,53.61,52.98,53.54,21064353
12/6/2021 16:00:00,54.31,55.25,54.14,54.91,26624137
12/7/2021 16:00:00,55.02,55.42,54.85,55.21,23832724
12/8/2021 16:00:00,55.12,55.35,54.36,55,18026446
12/9/2021 16:00:00,54.75,55.13,54.59,54.86,13846415
12/10/2021 16:00:00,55.25,56.32,55.07,56.28,23153567
12/13/2021 16:00:00,56.98,57.93,56.96,57.76,31362827
12/14/2021 16:00:00,57.4,58.17,57.4,57.8,24806569
12/15/2021 16:00:00,57.93,58.25,57.65,58.06,24923791
12/16/2021 16:00:00,57.98,58.88,57.9,58.65,24696859
12/17/2021 16:00:00,58.49,58.92,57.7,57.73,51899377
12/20/2021 16:00:00,57.2,57.78,57,57.54,20879477
12/21/2021 16:00:00,57.61,57.97,57.53,57.77,15864885
12/22/2021 16:00:00,57.71,58.19,57.49,58.18,12447436
12/23/2021 16:00:00,58.52,58.61,57.94,58.22,11027341
12/27/2021 16:00:00,58,58.69,58,58.65,9862192
12/28/2021 16:00:00,58.4,58.94,58.3,58.88,8982271
12/29/2021 16:00:00,58.95,59.1,58.66,58.95,9996046
12/30/2021 16:00:00,59.06,59.23,58.76,58.78,7703896
12/31/2021 16:00:00,58.75,59.35,58.7,59.21,10021251
1/3/2022 16:00:00,58.82,59.31,58.38,59.3,20188377
1/4/2022 16:00:00,59.73,60.54,59.59,60.29,26141584
1/5/2022 16:00:00,60.09,61.2,60.05,60.79,22507262
1/6/2022 16:00:00,60.47,61.12,60.44,60.47,17902345
1/7/2022 16:00:00,60.28,60.72,60.06,60.33,12307896
1/10/2022 16:00:00,60.55,60.82,60.18,60.43,20954345
1/11/2022 16:00:00,60.43,60.49,59.84,60.45,19369587
1/12/2022 16:00:00,60.53,60.69,60.19,60.54,15753809
1/13/2022 16:00:00,60.54,61.04,60.39,60.9,14317992
1/14/2022 16:00:00,60.94,61.45,60.36,61.39,19729632
1/18/2022 16:00:00,61.06,61.19,60.45,60.9,21977600
1/19/2022 16:00:00,60.66,61.18,60.56,61,18654749
1/20/2022 16:00:00,61,61.44,60.72,60.75,23002353
1/21/2022 16:00:00,61.08,61.3,60.4,60.45,26643161
1/24/2022 16:00:00,59.9,60.35,58.57,59.96,30207455
1/25/2022 16:00:00,59.36,60.05,58.69,59.82,19027109
1/26/2022 16:00:00,59.79,60.35,59.21,59.6,19190239
1/27/2022 16:00:00,59.88,60.93,59.5,59.65,18898682
1/28/2022 16:00:00,59.39,60.89,58.94,60.84,19101494
1/31/2022 16:00:00,60.3,61.14,60.15,61.01,22045321
2/1/2022 16:00:00,60.91,61.14,60.16,60.56,20841657
2/2/2022 16:00:00,60.62,61.27,60.56,61.18,20225579
2/3/2022 16:00:00,60.94,61.78,60.59,61.61,19440490
2/4/2022 16:00:00,61.49,61.68,60.57,60.96,17403729
2/7/2022 16:00:00,61.38,61.72,60.86,61.6,17846411
2/8/2022 16:00:00,61.83,62.33,61.74,62,18771748
2/9/2022 16:00:00,62.17,62.32,60.9,61.04,23595558
2/10/2022 16:00:00,60.36,62.3,60.2,61.38,23561530
2/11/2022 16:00:00,61.77,61.98,60.15,60.29,22781387
2/14/2022 16:00:00,60.16,60.79,59.28,60.68,23641310
2/15/2022 16:00:00,60.96,61.78,60.63,60.91,13409343
2/16/2022 16:00:00,60.86,61.4,60.56,60.9,15484660
2/17/2022 16:00:00,60.55,62.28,60.41,62.12,21468724
2/18/2022 16:00:00,62.12,62.82,61.99,62.54,21975023
2/22/2022 16:00:00,62.43,62.64,61.72,62.28,21731388
2/23/2022 16:00:00,62.24,62.33,61.34,61.59,19248474
2/24/2022 16:00:00,59.97,60.62,59.22,60.51,27207444
2/25/2022 16:00:00,60.94,62.9,60.92,62.85,21487796
2/28/2022 16:00:00,61.65,62.34,61.41,62.24,25879116
3/1/2022 16:00:00,62.14,62.75,61.51,61.97,15871088
3/2/2022 16:00:00,62.23,62.88,61.78,62.43,17319120
3/3/2022 16:00:00,62.61,63.02,62.29,62.47,21262797
3/4/2022 16:00:00,61.46,62.59,61.2,62.57,17164633
3/7/2022 16:00:00,62.01,62.07,60.72,61.08,29151418
3/8/2022 16:00:00,61.45,61.54,58.59,58.66,30242133
3/9/2022 16:00:00,59.82,59.84,58.66,58.96,23022696
3/10/2022 16:00:00,58.48,58.66,57.5,57.88,20887284
3/11/2022 16:00:00,57.96,58.85,57.86,57.92,19855646
3/14/2022 16:00:00,57.97,59.04,57.97,58.54,17799380
3/15/2022 16:00:00,59.08,59.89,58.98,59.62,18607191
3/16/2022 16:00:00,59.78,59.94,58.61,59.46,17347253
3/17/2022 16:00:00,59.46,60.14,59.23,60.09,15586228
3/18/2022 16:00:00,60.3,60.3,59.71,60.1,30197775
3/21/2022 16:00:00,60.5,61.1,60.25,60.58,17440141
3/22/2022 16:00:00,60.93,60.95,60.06,60.8,17559539
3/23/2022 16:00:00,60.75,60.98,60,60.4,15529244
3/24/2022 16:00:00,60.64,61.02,60.46,60.98,13151348
3/25/2022 16:00:00,61.12,61.61,61.05,61.53,12260747
3/28/2022 16:00:00,61.53,61.94,61.21,61.92,11485219
3/29/2022 16:00:00,62.21,62.53,61.74,62.16,14720572
3/30/2022 16:00:00,62.01,62.21,61.56,62.21,13641002
3/31/2022 16:00:00,62.22,62.64,62,62,16822902
4/1/2022 16:00:00,62.33,62.95,62.09,62.87,12644879
4/4/2022 16:00:00,62.6,62.79,61.72,62.54,11506554
4/5/2022 16:00:00,62.4,63.24,62.37,62.47,15721234
4/6/2022 16:00:00,62.77,63.26,62.3,63.1,19267420
4/7/2022 16:00:00,63.13,63.67,62.71,63.44,13960823
4/8/2022 16:00:00,63.48,64.04,63.16,63.83,12703466
4/11/2022 16:00:00,63.91,64.3,63.64,63.81,12720105
4/12/2022 16:00:00,64.38,64.81,63.89,64.56,18089907
4/13/2022 16:00:00,64.44,64.87,64.23,64.73,11882991
4/14/2022 16:00:00,64.96,65.57,64.82,65.02,16388429
4/18/2022 16:00:00,64.77,65.18,64.18,64.44,11679372
4/19/2022 16:00:00,64.5,65.25,64.44,65.07,11993775
4/20/2022 16:00:00,65.44,66.24,65.4,65.96,14827073
4/21/2022 16:00:00,65.98,67,65.72,66.21,15120412
4/22/2022 16:00:00,66.08,66.34,65.18,65.25,14902199
4/25/2022 16:00:00,67,67.2,64.78,65.94,25082000
4/26/2022 16:00:00,65.52,66.37,65.04,65.05,21982605
4/27/2022 16:00:00,65,66.28,65,65.56,16971010
4/28/2022 16:00:00,64.66,66.28,64.5,66.19,22020524
4/29/2022 16:00:00,65.87,66.03,64.49,64.61,20137147
5/2/2022 16:00:00,65.28,65.31,62.58,63.44,24970311
5/3/2022 16:00:00,63.72,63.94,62.67,63.08,21686339
5/4/2022 16:00:00,63,65.12,62.94,65.03,19780191
5/5/2022 16:00:00,64.69,65.03,64.01,64.51,20155236
5/6/2022 16:00:00,64.2,65.31,64.07,64.74,18984019
5/9/2022 16:00:00,64.47,65.36,64.04,64.61,20055332
5/10/2022 16:00:00,64.5,65.32,63.85,64.01,21322216
5/11/2022 16:00:00,64.33,65.2,63.96,64.31,19648404
5/12/2022 16:00:00,64.16,64.53,63.21,64.51,22574724
5/13/2022 16:00:00,64.81,65.8,64.12,65.72,16166956
5/16/2022 16:00:00,65.44,66.38,65.44,65.96,13223177
5/17/2022 16:00:00,66.1,66.1,65.01,65.78,21300589
5/18/2022 16:00:00,65.42,65.52,60.96,61.2,31437307
5/19/2022 16:00:00,60.96,60.96,59.66,60,31493882
5/20/2022 16:00:00,60.49,61.24,59.66,60.98,29133763
5/23/2022 16:00:00,61.65,63.1,61.59,62.86,19406880
5/24/2022 16:00:00,62.88,64.19,62.75,64.02,16154240
5/25/2022 16:00:00,64,64.47,63.6,64.07,15360489
5/26/2022 16:00:00,64.07,65.1,63.96,64.3,16159829
5/27/2022 16:00:00,64.26,64.83,64.14,64.68,17708983
5/31/2022 16:00:00,64.08,64.32,63.05,63.38,43159048
6/1/2022 16:00:00,63.42,63.68,62.13,63.07,15408313
6/2/2022 16:00:00,63.18,63.74,62.11,63.73,14585979
6/3/2022 16:00:00,63.57,63.63,62.81,62.97,13539857
6/6/2022 16:00:00,63.33,63.77,62.66,62.87,15112806
6/7/2022 16:00:00,62.38,63.37,62.22,63.25,17886319
6/8/2022 16:00:00,62.99,63.21,62.56,62.89,10211450
6/9/2022 16:00:00,62.87,63.35,61.78,61.8,13391880
6/10/2022 16:00:00,61.01,61.89,60.46,61.41,14973493
6/13/2022 16:00:00,60.75,62.29,60.67,61.34,23064194
6/14/2022 16:00:00,60.73,60.89,58.66,59.23,24620023
6/15/2022 16:00:00,60,60.64,58.97,59.67,19684697
6/16/2022 16:00:00,58.64,59.52,58.25,59.07,15053843
6/17/2022 16:00:00,59.7,60.13,59.13,59.43,34781917
6/21/2022 16:00:00,59.52,60.88,59.01,60.7,17705019
6/22/2022 16:00:00,60.6,61.45,60.32,61.15,15209869
6/23/2022 16:00:00,61.3,61.91,61.23,61.88,17190869
6/24/2022 16:00:00,62.11,63.06,62.11,63.04,18147070
6/27/2022 16:00:00,62.98,63.29,62.63,62.91,12142112
6/28/2022 16:00:00,63.08,63.76,62.11,62.28,13181559
6/29/2022 16:00:00,62.54,63.11,62.43,62.73,11795511
6/30/2022 16:00:00,62.32,63.11,62.16,62.91,15514153
7/1/2022 16:00:00,63.12,64.45,62.82,64.38,15143204
7/5/2022 16:00:00,64.18,64.18,62.42,63.28,15925029
7/6/2022 16:00:00,63.6,64.09,63.19,63.41,13450506
7/7/2022 16:00:00,63.26,63.58,62.7,62.91,14828434
7/8/2022 16:00:00,63.03,63.42,62.88,63.14,11311461
7/11/2022 16:00:00,62.99,63.46,62.59,62.94,12704111
7/12/2022 16:00:00,63,63.45,62.47,62.67,14731072
7/13/2022 16:00:00,62.33,63,61.98,62.38,13145291
7/14/2022 16:00:00,61.33,62.25,61.3,62.18,14433044
7/15/2022 16:00:00,62.75,62.97,62.07,62.5,21968418
7/18/2022 16:00:00,62.52,62.56,61.51,61.65,10780844
7/19/2022 16:00:00,62.09,62.65,61.93,62.53,10998234
7/20/2022 16:00:00,62.4,62.58,61.15,61.5,11010454
7/21/2022 16:00:00,61.26,61.88,60.79,61.36,11959622
7/22/2022 16:00:00,61.38,61.87,61.32,61.59,11644691
7/25/2022 16:00:00,61.55,62.3,61.31,62.19,14941652
7/26/2022 16:00:00,62.75,63.8,62.53,63.21,20117950
7/27/2022 16:00:00,62.88,63.19,61.79,63.01,12142874
7/28/2022 16:00:00,62.92,64.25,62.89,64.06,10837003
7/29/2022 16:00:00,63.71,64.29,63.63,64.17,13734236
8/1/2022 16:00:00,64.09,65.04,64.03,64.52,12831535
8/2/2022 16:00:00,64.59,64.6,63.43,63.64,15241904
8/3/2022 16:00:00,63.55,64.1,63.31,63.92,11316985
8/4/2022 16:00:00,63.64,63.73,62.92,63.67,11795647
8/5/2022 16:00:00,63.63,63.63,62.67,63.38,10445393
8/8/2022 16:00:00,63.5,63.81,62.75,62.97,9166673
8/9/2022 16:00:00,63.18,63.31,62.85,63.05,7910877
8/10/2022 16:00:00,63.63,63.79,63.1,63.65,8857253
8/11/2022 16:00:00,63.69,63.99,63.08,63.22,8507766
8/12/2022 16:00:00,63.43,63.76,63.09,63.7,9489284
8/15/2022 16:00:00,63.64,64.69,63.57,64.5,9863332
8/16/2022 16:00:00,64.57,65.23,64.33,65.03,9569616
8/17/2022 16:00:00,64.83,65.22,64.76,64.88,8144045
8/18/2022 16:00:00,64.96,65.35,64.71,65.22,6532028
8/19/2022 16:00:00,65.21,65.47,64.96,65.17,8921062
8/22/2022 16:00:00,64.84,64.92,63.99,64.2,9087893
8/23/2022 16:00:00,63.82,64.37,63.68,64.27,8443752
8/24/2022 16:00:00,64.24,64.58,64.05,64.36,6844730
8/25/2022 16:00:00,64.36,64.71,63.9,64.67,7913869
8/26/2022 16:00:00,64.73,64.8,62.98,63.11,10089513
8/29/2022 16:00:00,62.69,63.03,62.41,62.73,9115904
8/30/2022 16:00:00,62.91,62.91,61.99,62.15,8456837
8/31/2022 16:00:00,62.38,62.53,61.7,61.71,14633568
9/1/2022 16:00:00,61.58,62.04,61.29,62,14939684
9/2/2022 16:00:00,62.39,62.77,60.9,61.15,11809821
9/6/2022 16:00:00,61.29,61.97,60.99,61.18,12181823
9/7/2022 16:00:00,61.32,62.49,61.32,62.31,13290711
9/8/2022 16:00:00,62.08,62.3,61.34,62.12,17193460
9/9/2022 16:00:00,62.17,62.88,61.86,62.32,11855886
9/12/2022 16:00:00,62.43,62.81,62.27,62.5,13026935
9/13/2022 16:00:00,62.2,62.22,60.28,60.47,18532832
9/14/2022 16:00:00,60.64,61.08,60.44,60.79,12881592
9/15/2022 16:00:00,60.4,60.4,59.36,59.53,11451927
9/16/2022 16:00:00,59.66,59.8,59.11,59.54,20493535
9/19/2022 16:00:00,59.39,60.1,59.23,59.99,12596248
9/20/2022 16:00:00,59.68,60.03,59.32,59.9,11984607
9/21/2022 16:00:00,60.14,60.7,59.39,59.4,14165341
9/22/2022 16:00:00,59.55,59.73,59.2,59.26,11657595
9/23/2022 16:00:00,58.96,59.1,58,58.6,14824047
9/26/2022 16:00:00,58.49,58.57,57.69,57.87,18670050
9/27/2022 16:00:00,58.08,58.37,56.31,56.38,23829348
9/28/2022 16:00:00,56.66,57.25,55.91,56.98,21480149
9/29/2022 16:00:00,57.09,57.29,56,56.57,14570701
9/30/2022 16:00:00,56.87,57.13,56,56.02,16124618
10/3/2022 16:00:00,56.36,56.85,56.06,56.65,16277620
10/4/2022 16:00:00,56.95,57.81,56.46,56.78,18861431
10/5/2022 16:00:00,56.5,56.65,55.51,56.24,14324851
10/6/2022 16:00:00,56,56.1,54.87,55.03,17192843
10/7/2022 16:00:00,54.99,55.09,54.25,54.51,11479799
10/10/2022 16:00:00,54.6,54.96,54.02,54.39,10239123
10/11/2022 16:00:00,54.46,55.22,54.24,54.48,14303920
10/12/2022 16:00:00,55.23,56.04,55.04,55.14,18377448
10/13/2022 16:00:00,54.48,56.08,54.26,55.87,16220718
10/14/2022 16:00:00,56.29,56.47,54.94,54.98,16001400
10/17/2022 16:00:00,55.63,56.22,55.57,55.69,13721426
10/18/2022 16:00:00,56.31,56.78,56.1,56.44,11823119
10/19/2022 16:00:00,56.31,56.54,55.73,55.96,10182286
10/20/2022 16:00:00,55.77,55.92,54.96,55.08,16905147
10/21/2022 16:00:00,55,56.11,54.99,55.96,15034054
10/24/2022 16:00:00,56.64,57.73,56.57,57.57,17416681
10/25/2022 16:00:00,59.04,59.11,57.75,58.95,28829930
10/26/2022 16:00:00,59.01,59.78,58.86,59.39,15841374
10/27/2022 16:00:00,59.77,59.84,59.38,59.53,16026117
10/28/2022 16:00:00,59.57,60.91,59.47,60.76,12888859
10/31/2022 16:00:00,60.51,60.57,59.67,59.85,14016378
11/1/2022 16:00:00,60.03,60.29,59.37,59.64,10659459
11/2/2022 16:00:00,59.64,60.23,58.77,58.81,14551132
11/3/2022 16:00:00,58.11,59,58.1,58.78,9193970
11/4/2022 16:00:00,59.3,59.59,58.56,59.26,9726126
11/7/2022 16:00:00,59.26,59.77,59.24,59.49,8849704
11/8/2022 16:00:00,59.75,59.79,58.94,59.6,10081649
11/9/2022 16:00:00,59.59,59.64,58.75,58.77,10115159
11/10/2022 16:00:00,60.25,61.04,59.68,60.88,16804845
11/11/2022 16:00:00,61.37,61.45,60.21,61.32,18972078
11/14/2022 16:00:00,61.32,61.72,60.71,60.73,16361026
11/15/2022 16:00:00,61.13,61.45,60,60.63,13295839
11/16/2022 16:00:00,60.79,61.03,60.29,60.52,14199486
11/17/2022 16:00:00,60.19,60.74,60.13,60.71,11220301
11/18/2022 16:00:00,60.99,61.37,60.8,61.14,10415640
11/21/2022 16:00:00,61.41,62.21,61.2,62.08,15399353
11/22/2022 16:00:00,62.47,62.5,62.05,62.35,12319641
11/23/2022 16:00:00,62.49,62.79,62.3,62.63,8990385
11/25/2022 13:00:00,62.73,62.81,62.38,62.69,5165499
11/28/2022 16:00:00,62.69,63.1,62.56,62.7,12268004
11/29/2022 16:00:00,62.52,62.57,61.98,62.48,10969563
11/30/2022 16:00:00,62.01,63.68,61.75,63.61,30433938
12/1/2022 16:00:00,63.61,64.11,63.43,63.79,12001356
12/2/2022 16:00:00,63.61,64.52,63.4,64.35,13643450
12/5/2022 16:00:00,63.41,63.8,63.26,63.47,9185090
12/6/2022 16:00:00,63.52,63.88,63.23,63.44,10099529
12/7/2022 16:00:00,63.45,63.72,63.25,63.54,12307605
12/8/2022 16:00:00,63.6,63.85,63.35,63.81,9946173
12/9/2022 16:00:00,63.61,63.84,63.09,63.14,13914856
12/12/2022 16:00:00,63.3,64.01,63.01,63.97,11647900
12/13/2022 16:00:00,64.59,64.7,63.8,63.99,17521554
12/14/2022 16:00:00,64.19,64.65,63.57,63.99,12826650
12/15/2022 16:00:00,63.59,63.89,62.49,63.11,12213292
12/16/2022 16:00:00,62.75,63.14,62.33,62.75,33631530
12/19/2022 16:00:00,62.83,63.41,62.47,62.84,10919725
12/20/2022 16:00:00,62.82,63.15,62.75,62.79,10286479
12/21/2022 16:00:00,63.07,64.05,63.07,63.8,10411288
12/22/2022 16:00:00,63.42,63.59,62.65,63.34,9668107
12/23/2022 16:00:00,63.5,63.87,63.2,63.82,6463261
12/27/2022 16:00:00,63.93,64.29,63.71,64.21,7320717
12/28/2022 16:00:00,64.46,64.65,63.49,63.57,7159417
12/29/2022 16:00:00,63.8,64.15,63.7,63.95,7169256
12/30/2022 16:00:00,63.92,63.92,63.17,63.61,7650228